{
	"__v" : NumberInt(0),
	"_id" : ObjectId("5d5f875a04ee4c25f0938d59"),
	"address" : "Delhi",
	"full_name_org" : "Rajendra",
	"logo" : "photo-1566541652803.png",
	"status" : "0"
},
{
	"__v" : NumberInt(0),
	"_id" : ObjectId("5d5f878c2e10e93010eeb8d5"),
	"address" : "dasdas",
	"full_name_org" : "sas",
	"logo" : "photo-1566541706575.png",
	"status" : "0"
},
{
	"__v" : NumberInt(0),
	"_id" : ObjectId("5d5f87eda9084322cce9994a"),
	"address" : "dasdas",
	"full_name_org" : "sas",
	"logo" : "photo-1566541706575.png",
	"org_aliase" : "sas321",
	"status" : "0"
},
{
	"__v" : NumberInt(0),
	"_id" : ObjectId("5d5f92f069f2bb26a0a3b851"),
	"address" : "add",
	"full_name_org" : "a",
	"logo" : "photo-1566544619547.jpg",
	"org_aliase" : "a",
	"status" : "0"
},
{
	"__v" : NumberInt(0),
	"_id" : ObjectId("5d63826067e1e332b495fa90"),
	"address" : "Delhi",
	"full_name_org" : "Rajendra",
	"logo" : "photo-1566802526725.jpg",
	"org_aliase" : "Rajendra",
	"status" : "0"
},
{
	"__v" : NumberInt(0),
	"_id" : ObjectId("5d6382d367e1e332b495fa91"),
	"address" : "xzX",
	"full_name_org" : "xzx",
	"logo" : "photo-1566802641129.jpg",
	"org_aliase" : "xzX",
	"status" : "0"
},
{
	"__v" : NumberInt(0),
	"_id" : ObjectId("5d63866767e1e332b495fa92"),
	"address" : "Delhi",
	"full_name_org" : "Rajendra",
	"logo" : "photo-1566803558909.jpg",
	"org_aliase" : "Rajendra",
	"status" : "0"
},
{
	"__v" : NumberInt(0),
	"_id" : ObjectId("5d6386b667e1e332b495fa93"),
	"address" : "tre",
	"full_name_org" : "eer",
	"logo" : "photo-1566803635996.jpg",
	"org_aliase" : "te",
	"status" : "0"
},
{
	"__v" : NumberInt(0),
	"_id" : ObjectId("5d6386d267e1e332b495fa94"),
	"address" : "Delhi",
	"full_name_org" : "Rajendra23",
	"logo" : "photo-1566810528845.png",
	"org_aliase" : "Rajendra",
	"status" : "0"
},
{
	"__v" : NumberInt(0),
	"_id" : ObjectId("5d6610ddef56882f6c7543c4"),
	"address" : "DPSGS Head Office A-Block, 3rd Floor, MGF Metropolitan Mall, Saket District Centre, New Delhi, Delhi 110017",
	"full_name_org" : "DELHI PUBLIC SCHOOL GHAZIABAD SOCIETY",
	"logo" : "photo-1566970024097.jpg",
	"org_aliase" : "DPSGS",
	"status" : "1"
},
{
	"__v" : NumberInt(0),
	"_id" : ObjectId("5d71fa084b341b2460daebc6"),
	"address" : "gfdgdf",
	"full_name_org" : "ghdfh",
	"logo" : "photo-1567750661788.jpg",
	"org_aliase" : "hfgjhf",
	"status" : "0"
},
{
	"__v" : NumberInt(0),
	"_id" : ObjectId("5d7205f4073e221dd8564fed"),
	"address" : "cxcxzc",
	"full_name_org" : "cxzcX",
	"logo" : "photo-1567753713634.jpg",
	"org_aliase" : "cxc",
	"status" : "0"
},
{
	"__v" : NumberInt(0),
	"_id" : ObjectId("5d9ad25d410a701e7cf8bd65"),
	"address" : "gdsfgdsffg",
	"full_name_org" : "fdsf",
	"logo" : "photo-1570427482417.jpg",
	"org_aliase" : "fdf",
	"status" : "0"
},
{
	"__v" : NumberInt(0),
	"_id" : ObjectId("5d9d61b935248a159c927c5c"),
	"address" : "Org Address",
	"full_name_org" : "raj",
	"logo" : "photo-1570595248502.jpg",
	"org_aliase" : "raj123",
	"status" : "0"
},
{
	"__v" : NumberInt(0),
	"_id" : ObjectId("5d9d6d4235248a159c927c5d"),
	"address" : "dsdsad",
	"full_name_org" : "dsd",
	"logo" : "photo-1570598207533.jpg",
	"org_aliase" : "dsd",
	"status" : "0"
},
{
	"__v" : NumberInt(0),
	"_id" : ObjectId("5d9d6d6a35248a159c927c5e"),
	"address" : "dsad",
	"full_name_org" : "dsad",
	"logo" : "photo-1570598248215.jpg",
	"org_aliase" : "dsad",
	"status" : "0"
},
{
	"__v" : NumberInt(0),
	"_id" : ObjectId("5da000901ece5627e4841ce5"),
	"address" : "dfdsf",
	"full_name_org" : "dfd11-10-2019",
	"logo" : "photo-1570766988358.jpg",
	"org_aliase" : "fdsf",
	"status" : "0"
},
{
	"__v" : NumberInt(0),
	"_id" : ObjectId("5da000bc1ece5627e4841ce6"),
	"address" : "fdsfsadfdsa",
	"full_name_org" : "fdfd",
	"logo" : "photo-1570767033005.png",
	"org_aliase" : "dsf",
	"status" : "0"
},
{
	"__v" : NumberInt(0),
	"_id" : ObjectId("5da000ef1ece5627e4841ce7"),
	"address" : "fdsfsdf",
	"full_name_org" : "ds",
	"logo" : "photo-1570767084296.jpg",
	"org_aliase" : "fdsfsd",
	"status" : "0"
},
{
	"__v" : NumberInt(0),
	"_id" : ObjectId("5da0019d1ece5627e4841ce8"),
	"address" : "sdasdsa",
	"full_name_org" : "sdasd",
	"logo" : "photo-1570767247226.png",
	"org_aliase" : "dsad",
	"status" : "0"
},
{
	"__v" : NumberInt(0),
	"_id" : ObjectId("5da0022c1ece5627e4841ce9"),
	"address" : "dsadsa",
	"full_name_org" : "asasd",
	"logo" : "photo-1570767400277.png",
	"org_aliase" : "dsad",
	"status" : "0"
},
{
	"__v" : NumberInt(0),
	"_id" : ObjectId("5da0069ad387871d488b6e50"),
	"address" : "Delhi",
	"full_name_org" : "dsa",
	"logo" : "photo-1570768514660.jpg",
	"org_aliase" : "Rajendra",
	"status" : "0"
},
{
	"__v" : NumberInt(0),
	"_id" : ObjectId("5da00ef45a07cd1638e8010b"),
	"address" : "dsadsadds",
	"full_name_org" : "dsad",
	"logo" : "photo-1570770652258.jpg",
	"org_aliase" : "dsad",
	"status" : "0"
},
{
	"__v" : NumberInt(0),
	"_id" : ObjectId("5da01017821eb334e496de38"),
	"address" : "utyutyutyt",
	"full_name_org" : "raj12",
	"logo" : "photo-1570770964367.jpg",
	"org_aliase" : "raj12",
	"status" : "0"
},
{
	"__v" : NumberInt(0),
	"_id" : ObjectId("5da01047821eb334e496de39"),
	"address" : "Delhi",
	"full_name_org" : "Rajendra",
	"logo" : "photo-1570771013621.jpg",
	"org_aliase" : "Rajendra",
	"status" : "0"
},
{
	"__v" : NumberInt(0),
	"_id" : ObjectId("5da023b829f6ec1f1cf8ae11"),
	"address" : "te",
	"full_name_org" : "syam321",
	"logo" : "photo-1570775986910.png",
	"org_aliase" : "sy1",
	"status" : "0"
},
{
	"__v" : NumberInt(0),
	"_id" : ObjectId("5da07027e396022f6c292bfa"),
	"address" : "Delhi",
	"full_name_org" : "Rajendra66",
	"logo" : "",
	"org_aliase" : "Rajendra",
	"status" : "0"
},
{
	"__v" : NumberInt(0),
	"_id" : ObjectId("5da0708e9c5db811e84bf182"),
	"address" : "Delhi",
	"full_name_org" : "Rajendra",
	"logo" : "photo-1570795660851.png",
	"org_aliase" : "Rajendra",
	"status" : "0"
},
