{
	"_id" : ObjectId("5d564ac9bdb80366cfe14c7d"),
	"code" : "AF",
	"Country" : "Afghanistan"
},
{
	"_id" : ObjectId("5d564ac9bdb80366cfe14c7e"),
	"code" : "AX",
	"Country" : "Åland Islands"
},
{
	"_id" : ObjectId("5d564ac9bdb80366cfe14c7f"),
	"code" : "AL",
	"Country" : "Albania"
},
{
	"_id" : ObjectId("5d564ac9bdb80366cfe14c80"),
	"code" : "DZ",
	"Country" : "Algeria"
},
{
	"_id" : ObjectId("5d564ac9bdb80366cfe14c81"),
	"code" : "AS",
	"Country" : "American Samoa"
},
{
	"_id" : ObjectId("5d564ac9bdb80366cfe14c82"),
	"code" : "AD",
	"Country" : "AndorrA"
},
{
	"_id" : ObjectId("5d564ac9bdb80366cfe14c83"),
	"code" : "AO",
	"Country" : "Angola"
},
{
	"_id" : ObjectId("5d564ac9bdb80366cfe14c84"),
	"code" : "AI",
	"Country" : "Anguilla"
},
{
	"_id" : ObjectId("5d564ac9bdb80366cfe14c85"),
	"code" : "AQ",
	"Country" : "Antarctica"
},
{
	"_id" : ObjectId("5d564ac9bdb80366cfe14c86"),
	"code" : "AG",
	"Country" : "Antigua and Barbuda"
},
{
	"_id" : ObjectId("5d564ac9bdb80366cfe14c87"),
	"code" : "AR",
	"Country" : "Argentina"
},
{
	"_id" : ObjectId("5d564ac9bdb80366cfe14c88"),
	"code" : "AM",
	"Country" : "Armenia"
},
{
	"_id" : ObjectId("5d564ac9bdb80366cfe14c89"),
	"code" : "AW",
	"Country" : "Aruba"
},
{
	"_id" : ObjectId("5d564ac9bdb80366cfe14c8a"),
	"code" : "AU",
	"Country" : "Australia"
},
{
	"_id" : ObjectId("5d564ac9bdb80366cfe14c8b"),
	"code" : "AT",
	"Country" : "Austria"
},
{
	"_id" : ObjectId("5d564ac9bdb80366cfe14c8c"),
	"code" : "AZ",
	"Country" : "Azerbaijan"
},
{
	"_id" : ObjectId("5d564ac9bdb80366cfe14c8d"),
	"code" : "BS",
	"Country" : "Bahamas"
},
{
	"_id" : ObjectId("5d564ac9bdb80366cfe14c8e"),
	"code" : "BH",
	"Country" : "Bahrain"
},
{
	"_id" : ObjectId("5d564ac9bdb80366cfe14c8f"),
	"code" : "BD",
	"Country" : "Bangladesh"
},
{
	"_id" : ObjectId("5d564ac9bdb80366cfe14c90"),
	"code" : "BB",
	"Country" : "Barbados"
},
{
	"_id" : ObjectId("5d564ac9bdb80366cfe14c91"),
	"code" : "BY",
	"Country" : "Belarus"
},
{
	"_id" : ObjectId("5d564ac9bdb80366cfe14c92"),
	"code" : "BE",
	"Country" : "Belgium"
},
{
	"_id" : ObjectId("5d564ac9bdb80366cfe14c93"),
	"code" : "BZ",
	"Country" : "Belize"
},
{
	"_id" : ObjectId("5d564ac9bdb80366cfe14c94"),
	"code" : "BJ",
	"Country" : "Benin"
},
{
	"_id" : ObjectId("5d564ac9bdb80366cfe14c95"),
	"code" : "BM",
	"Country" : "Bermuda"
},
{
	"_id" : ObjectId("5d564ac9bdb80366cfe14c96"),
	"code" : "BT",
	"Country" : "Bhutan"
},
{
	"_id" : ObjectId("5d564ac9bdb80366cfe14c97"),
	"code" : "BO",
	"Country" : "Bolivia"
},
{
	"_id" : ObjectId("5d564ac9bdb80366cfe14c98"),
	"code" : "BA",
	"Country" : "Bosnia and Herzegovina"
},
{
	"_id" : ObjectId("5d564ac9bdb80366cfe14c99"),
	"code" : "BW",
	"Country" : "Botswana"
},
{
	"_id" : ObjectId("5d564ac9bdb80366cfe14c9a"),
	"code" : "BV",
	"Country" : "Bouvet Island"
},
{
	"_id" : ObjectId("5d564ac9bdb80366cfe14c9b"),
	"code" : "BR",
	"Country" : "Brazil"
},
{
	"_id" : ObjectId("5d564ac9bdb80366cfe14c9c"),
	"code" : "IO",
	"Country" : "British Indian Ocean Territory"
},
{
	"_id" : ObjectId("5d564ac9bdb80366cfe14c9d"),
	"code" : "BN",
	"Country" : "Brunei Darussalam"
},
{
	"_id" : ObjectId("5d564ac9bdb80366cfe14c9e"),
	"code" : "BG",
	"Country" : "Bulgaria"
},
{
	"_id" : ObjectId("5d564ac9bdb80366cfe14c9f"),
	"code" : "BF",
	"Country" : "Burkina Faso"
},
{
	"_id" : ObjectId("5d564ac9bdb80366cfe14ca0"),
	"code" : "BI",
	"Country" : "Burundi"
},
{
	"_id" : ObjectId("5d564ac9bdb80366cfe14ca1"),
	"code" : "KH",
	"Country" : "Cambodia"
},
{
	"_id" : ObjectId("5d564ac9bdb80366cfe14ca2"),
	"code" : "CM",
	"Country" : "Cameroon"
},
{
	"_id" : ObjectId("5d564ac9bdb80366cfe14ca3"),
	"code" : "CA",
	"Country" : "Canada"
},
{
	"_id" : ObjectId("5d564ac9bdb80366cfe14ca4"),
	"code" : "CV",
	"Country" : "Cape Verde"
},
{
	"_id" : ObjectId("5d564ac9bdb80366cfe14ca5"),
	"code" : "KY",
	"Country" : "Cayman Islands"
},
{
	"_id" : ObjectId("5d564ac9bdb80366cfe14ca6"),
	"code" : "CF",
	"Country" : "Central African Republic"
},
{
	"_id" : ObjectId("5d564ac9bdb80366cfe14ca7"),
	"code" : "TD",
	"Country" : "Chad"
},
{
	"_id" : ObjectId("5d564ac9bdb80366cfe14ca8"),
	"code" : "CL",
	"Country" : "Chile"
},
{
	"_id" : ObjectId("5d564ac9bdb80366cfe14ca9"),
	"code" : "CN",
	"Country" : "China"
},
{
	"_id" : ObjectId("5d564ac9bdb80366cfe14caa"),
	"code" : "CX",
	"Country" : "Christmas Island"
},
{
	"_id" : ObjectId("5d564ac9bdb80366cfe14cab"),
	"code" : "CC",
	"Country" : "Cocos (Keeling) Islands"
},
{
	"_id" : ObjectId("5d564ac9bdb80366cfe14cac"),
	"code" : "CO",
	"Country" : "Colombia"
},
{
	"_id" : ObjectId("5d564ac9bdb80366cfe14cad"),
	"code" : "KM",
	"Country" : "Comoros"
},
{
	"_id" : ObjectId("5d564ac9bdb80366cfe14cae"),
	"code" : "CG",
	"Country" : "Congo"
},
{
	"_id" : ObjectId("5d564ac9bdb80366cfe14caf"),
	"code" : "CD",
	"Country" : "Congo, The Democratic Republic of the"
},
{
	"_id" : ObjectId("5d564ac9bdb80366cfe14cb0"),
	"code" : "CK",
	"Country" : "Cook Islands"
},
{
	"_id" : ObjectId("5d564ac9bdb80366cfe14cb1"),
	"code" : "CR",
	"Country" : "Costa Rica"
},
{
	"_id" : ObjectId("5d564ac9bdb80366cfe14cb2"),
	"code" : "CI",
	"Country" : "Cote DIvoire"
},
{
	"_id" : ObjectId("5d564ac9bdb80366cfe14cb3"),
	"code" : "HR",
	"Country" : "Croatia"
},
{
	"_id" : ObjectId("5d564ac9bdb80366cfe14cb4"),
	"code" : "CU",
	"Country" : "Cuba"
},
{
	"_id" : ObjectId("5d564ac9bdb80366cfe14cb5"),
	"code" : "CY",
	"Country" : "Cyprus"
},
{
	"_id" : ObjectId("5d564ac9bdb80366cfe14cb6"),
	"code" : "CZ",
	"Country" : "Czech Republic"
},
{
	"_id" : ObjectId("5d564ac9bdb80366cfe14cb7"),
	"code" : "DK",
	"Country" : "Denmark"
},
{
	"_id" : ObjectId("5d564ac9bdb80366cfe14cb8"),
	"code" : "DJ",
	"Country" : "Djibouti"
},
{
	"_id" : ObjectId("5d564ac9bdb80366cfe14cb9"),
	"code" : "DM",
	"Country" : "Dominica"
},
{
	"_id" : ObjectId("5d564ac9bdb80366cfe14cba"),
	"code" : "DO",
	"Country" : "Dominican Republic"
},
{
	"_id" : ObjectId("5d564ac9bdb80366cfe14cbb"),
	"code" : "EC",
	"Country" : "Ecuador"
},
{
	"_id" : ObjectId("5d564ac9bdb80366cfe14cbc"),
	"code" : "EG",
	"Country" : "Egypt"
},
{
	"_id" : ObjectId("5d564ac9bdb80366cfe14cbd"),
	"code" : "SV",
	"Country" : "El Salvador"
},
{
	"_id" : ObjectId("5d564ac9bdb80366cfe14cbe"),
	"code" : "GQ",
	"Country" : "Equatorial Guinea"
},
{
	"_id" : ObjectId("5d564ac9bdb80366cfe14cbf"),
	"code" : "ER",
	"Country" : "Eritrea"
},
{
	"_id" : ObjectId("5d564ac9bdb80366cfe14cc0"),
	"code" : "EE",
	"Country" : "Estonia"
},
{
	"_id" : ObjectId("5d564ac9bdb80366cfe14cc1"),
	"code" : "ET",
	"Country" : "Ethiopia"
},
{
	"_id" : ObjectId("5d564ac9bdb80366cfe14cc2"),
	"code" : "FK",
	"Country" : "Falkland Islands (Malvinas)"
},
{
	"_id" : ObjectId("5d564ac9bdb80366cfe14cc3"),
	"code" : "FO",
	"Country" : "Faroe Islands"
},
{
	"_id" : ObjectId("5d564ac9bdb80366cfe14cc4"),
	"code" : "FJ",
	"Country" : "Fiji"
},
{
	"_id" : ObjectId("5d564ac9bdb80366cfe14cc5"),
	"code" : "FI",
	"Country" : "Finland"
},
{
	"_id" : ObjectId("5d564ac9bdb80366cfe14cc6"),
	"code" : "FR",
	"Country" : "France"
},
{
	"_id" : ObjectId("5d564ac9bdb80366cfe14cc7"),
	"code" : "GF",
	"Country" : "French Guiana"
},
{
	"_id" : ObjectId("5d564ac9bdb80366cfe14cc8"),
	"code" : "PF",
	"Country" : "French Polynesia"
},
{
	"_id" : ObjectId("5d564ac9bdb80366cfe14cc9"),
	"code" : "TF",
	"Country" : "French Southern Territories"
},
{
	"_id" : ObjectId("5d564ac9bdb80366cfe14cca"),
	"code" : "GA",
	"Country" : "Gabon"
},
{
	"_id" : ObjectId("5d564ac9bdb80366cfe14ccb"),
	"code" : "GM",
	"Country" : "Gambia"
},
{
	"_id" : ObjectId("5d564ac9bdb80366cfe14ccc"),
	"code" : "GE",
	"Country" : "Georgia"
},
{
	"_id" : ObjectId("5d564ac9bdb80366cfe14ccd"),
	"code" : "DE",
	"Country" : "Germany"
},
{
	"_id" : ObjectId("5d564ac9bdb80366cfe14cce"),
	"code" : "GH",
	"Country" : "Ghana"
},
{
	"_id" : ObjectId("5d564ac9bdb80366cfe14ccf"),
	"code" : "GI",
	"Country" : "Gibraltar"
},
{
	"_id" : ObjectId("5d564ac9bdb80366cfe14cd0"),
	"code" : "GR",
	"Country" : "Greece"
},
{
	"_id" : ObjectId("5d564ac9bdb80366cfe14cd1"),
	"code" : "GL",
	"Country" : "Greenland"
},
{
	"_id" : ObjectId("5d564ac9bdb80366cfe14cd2"),
	"code" : "GD",
	"Country" : "Grenada"
},
{
	"_id" : ObjectId("5d564ac9bdb80366cfe14cd3"),
	"code" : "GP",
	"Country" : "Guadeloupe"
},
{
	"_id" : ObjectId("5d564ac9bdb80366cfe14cd4"),
	"code" : "GU",
	"Country" : "Guam"
},
{
	"_id" : ObjectId("5d564ac9bdb80366cfe14cd5"),
	"code" : "GT",
	"Country" : "Guatemala"
},
{
	"_id" : ObjectId("5d564ac9bdb80366cfe14cd6"),
	"code" : "GG",
	"Country" : "Guernsey"
},
{
	"_id" : ObjectId("5d564ac9bdb80366cfe14cd7"),
	"code" : "GN",
	"Country" : "Guinea"
},
{
	"_id" : ObjectId("5d564ac9bdb80366cfe14cd8"),
	"code" : "GW",
	"Country" : "Guinea-Bissau"
},
{
	"_id" : ObjectId("5d564ac9bdb80366cfe14cd9"),
	"code" : "GY",
	"Country" : "Guyana"
},
{
	"_id" : ObjectId("5d564ac9bdb80366cfe14cda"),
	"code" : "HT",
	"Country" : "Haiti"
},
{
	"_id" : ObjectId("5d564ac9bdb80366cfe14cdb"),
	"code" : "HM",
	"Country" : "Heard Island and Mcdonald Islands"
},
{
	"_id" : ObjectId("5d564ac9bdb80366cfe14cdc"),
	"code" : "VA",
	"Country" : "Holy See (Vatican City State)"
},
{
	"_id" : ObjectId("5d564ac9bdb80366cfe14cdd"),
	"code" : "HN",
	"Country" : "Honduras"
},
{
	"_id" : ObjectId("5d564ac9bdb80366cfe14cde"),
	"code" : "HK",
	"Country" : "Hong Kong"
},
{
	"_id" : ObjectId("5d564ac9bdb80366cfe14cdf"),
	"code" : "HU",
	"Country" : "Hungary"
},
{
	"_id" : ObjectId("5d564ac9bdb80366cfe14ce0"),
	"code" : "IS",
	"Country" : "Iceland"
},
{
	"_id" : ObjectId("5d564ac9bdb80366cfe14ce1"),
	"code" : "IN",
	"Country" : "India"
},
{
	"_id" : ObjectId("5d564ac9bdb80366cfe14ce2"),
	"code" : "ID",
	"Country" : "Indonesia"
},
{
	"_id" : ObjectId("5d564ac9bdb80366cfe14ce3"),
	"code" : "IR",
	"Country" : "Iran, Islamic Republic Of"
},
{
	"_id" : ObjectId("5d564ac9bdb80366cfe14ce4"),
	"code" : "IQ",
	"Country" : "Iraq"
},
{
	"_id" : ObjectId("5d564ac9bdb80366cfe14ce5"),
	"code" : "IE",
	"Country" : "Ireland"
},
{
	"_id" : ObjectId("5d564ac9bdb80366cfe14ce6"),
	"code" : "IM",
	"Country" : "Isle of Man"
},
{
	"_id" : ObjectId("5d564ac9bdb80366cfe14ce7"),
	"code" : "IL",
	"Country" : "Israel"
},
{
	"_id" : ObjectId("5d564ac9bdb80366cfe14ce8"),
	"code" : "IT",
	"Country" : "Italy"
},
{
	"_id" : ObjectId("5d564ac9bdb80366cfe14ce9"),
	"code" : "JM",
	"Country" : "Jamaica"
},
{
	"_id" : ObjectId("5d564ac9bdb80366cfe14cea"),
	"code" : "JP",
	"Country" : "Japan"
},
{
	"_id" : ObjectId("5d564ac9bdb80366cfe14ceb"),
	"code" : "JE",
	"Country" : "Jersey"
},
{
	"_id" : ObjectId("5d564ac9bdb80366cfe14cec"),
	"code" : "JO",
	"Country" : "Jordan"
},
{
	"_id" : ObjectId("5d564ac9bdb80366cfe14ced"),
	"code" : "KZ",
	"Country" : "Kazakhstan"
},
{
	"_id" : ObjectId("5d564ac9bdb80366cfe14cee"),
	"code" : "KE",
	"Country" : "Kenya"
},
{
	"_id" : ObjectId("5d564ac9bdb80366cfe14cef"),
	"code" : "KI",
	"Country" : "Kiribati"
},
{
	"_id" : ObjectId("5d564ac9bdb80366cfe14cf0"),
	"code" : "KP",
	"Country" : "Korea, Democratic PeopleS Republic of"
},
{
	"_id" : ObjectId("5d564ac9bdb80366cfe14cf1"),
	"code" : "KR",
	"Country" : "Korea, Republic of"
},
{
	"_id" : ObjectId("5d564ac9bdb80366cfe14cf2"),
	"code" : "KW",
	"Country" : "Kuwait"
},
{
	"_id" : ObjectId("5d564ac9bdb80366cfe14cf3"),
	"code" : "KG",
	"Country" : "Kyrgyzstan"
},
{
	"_id" : ObjectId("5d564ac9bdb80366cfe14cf4"),
	"code" : "LA",
	"Country" : "Lao People S Democratic Republic"
},
{
	"_id" : ObjectId("5d564ac9bdb80366cfe14cf5"),
	"code" : "LV",
	"Country" : "Latvia"
},
{
	"_id" : ObjectId("5d564ac9bdb80366cfe14cf6"),
	"code" : "LB",
	"Country" : "Lebanon"
},
{
	"_id" : ObjectId("5d564ac9bdb80366cfe14cf7"),
	"code" : "LS",
	"Country" : "Lesotho"
},
{
	"_id" : ObjectId("5d564ac9bdb80366cfe14cf8"),
	"code" : "LR",
	"Country" : "Liberia"
},
{
	"_id" : ObjectId("5d564ac9bdb80366cfe14cf9"),
	"code" : "LY",
	"Country" : "Libyan Arab Jamahiriya"
},
{
	"_id" : ObjectId("5d564ac9bdb80366cfe14cfa"),
	"code" : "LI",
	"Country" : "Liechtenstein"
},
{
	"_id" : ObjectId("5d564ac9bdb80366cfe14cfb"),
	"code" : "LT",
	"Country" : "Lithuania"
},
{
	"_id" : ObjectId("5d564ac9bdb80366cfe14cfc"),
	"code" : "LU",
	"Country" : "Luxembourg"
},
{
	"_id" : ObjectId("5d564ac9bdb80366cfe14cfd"),
	"code" : "MO",
	"Country" : "Macao"
},
{
	"_id" : ObjectId("5d564ac9bdb80366cfe14cfe"),
	"code" : "MK",
	"Country" : "Macedonia, The Former Yugoslav Republic of"
},
{
	"_id" : ObjectId("5d564ac9bdb80366cfe14cff"),
	"code" : "MG",
	"Country" : "Madagascar"
},
{
	"_id" : ObjectId("5d564ac9bdb80366cfe14d00"),
	"code" : "MW",
	"Country" : "Malawi"
},
{
	"_id" : ObjectId("5d564ac9bdb80366cfe14d01"),
	"code" : "MY",
	"Country" : "Malaysia"
},
{
	"_id" : ObjectId("5d564ac9bdb80366cfe14d02"),
	"code" : "MV",
	"Country" : "Maldives"
},
{
	"_id" : ObjectId("5d564ac9bdb80366cfe14d03"),
	"code" : "ML",
	"Country" : "Mali"
},
{
	"_id" : ObjectId("5d564ac9bdb80366cfe14d04"),
	"code" : "MT",
	"Country" : "Malta"
},
{
	"_id" : ObjectId("5d564ac9bdb80366cfe14d05"),
	"code" : "MH",
	"Country" : "Marshall Islands"
},
{
	"_id" : ObjectId("5d564ac9bdb80366cfe14d06"),
	"code" : "MQ",
	"Country" : "Martinique"
},
{
	"_id" : ObjectId("5d564ac9bdb80366cfe14d07"),
	"code" : "MR",
	"Country" : "Mauritania"
},
{
	"_id" : ObjectId("5d564ac9bdb80366cfe14d08"),
	"code" : "MU",
	"Country" : "Mauritius"
},
{
	"_id" : ObjectId("5d564ac9bdb80366cfe14d09"),
	"code" : "YT",
	"Country" : "Mayotte"
},
{
	"_id" : ObjectId("5d564ac9bdb80366cfe14d0a"),
	"code" : "MX",
	"Country" : "Mexico"
},
{
	"_id" : ObjectId("5d564ac9bdb80366cfe14d0b"),
	"code" : "FM",
	"Country" : "Micronesia, Federated States of"
},
{
	"_id" : ObjectId("5d564ac9bdb80366cfe14d0c"),
	"code" : "MD",
	"Country" : "Moldova, Republic of"
},
{
	"_id" : ObjectId("5d564ac9bdb80366cfe14d0d"),
	"code" : "MC",
	"Country" : "Monaco"
},
{
	"_id" : ObjectId("5d564ac9bdb80366cfe14d0e"),
	"code" : "MN",
	"Country" : "Mongolia"
},
{
	"_id" : ObjectId("5d564ac9bdb80366cfe14d0f"),
	"code" : "MS",
	"Country" : "Montserrat"
},
{
	"_id" : ObjectId("5d564ac9bdb80366cfe14d10"),
	"code" : "MA",
	"Country" : "Morocco"
},
{
	"_id" : ObjectId("5d564ac9bdb80366cfe14d11"),
	"code" : "MZ",
	"Country" : "Mozambique"
},
{
	"_id" : ObjectId("5d564ac9bdb80366cfe14d12"),
	"code" : "MM",
	"Country" : "Myanmar"
},
{
	"_id" : ObjectId("5d564ac9bdb80366cfe14d13"),
	"code" : "NA",
	"Country" : "Namibia"
},
{
	"_id" : ObjectId("5d564ac9bdb80366cfe14d14"),
	"code" : "NR",
	"Country" : "Nauru"
},
{
	"_id" : ObjectId("5d564ac9bdb80366cfe14d15"),
	"code" : "NP",
	"Country" : "Nepal"
},
{
	"_id" : ObjectId("5d564ac9bdb80366cfe14d16"),
	"code" : "NL",
	"Country" : "Netherlands"
},
{
	"_id" : ObjectId("5d564ac9bdb80366cfe14d17"),
	"code" : "AN",
	"Country" : "Netherlands Antilles"
},
{
	"_id" : ObjectId("5d564ac9bdb80366cfe14d18"),
	"code" : "NC",
	"Country" : "New Caledonia"
},
{
	"_id" : ObjectId("5d564ac9bdb80366cfe14d19"),
	"code" : "NZ",
	"Country" : "New Zealand"
},
{
	"_id" : ObjectId("5d564ac9bdb80366cfe14d1a"),
	"code" : "NI",
	"Country" : "Nicaragua"
},
{
	"_id" : ObjectId("5d564ac9bdb80366cfe14d1b"),
	"code" : "NE",
	"Country" : "Niger"
},
{
	"_id" : ObjectId("5d564ac9bdb80366cfe14d1c"),
	"code" : "NG",
	"Country" : "Nigeria"
},
{
	"_id" : ObjectId("5d564ac9bdb80366cfe14d1d"),
	"code" : "NU",
	"Country" : "Niue"
},
{
	"_id" : ObjectId("5d564ac9bdb80366cfe14d1e"),
	"code" : "NF",
	"Country" : "Norfolk Island"
},
{
	"_id" : ObjectId("5d564ac9bdb80366cfe14d1f"),
	"code" : "MP",
	"Country" : "Northern Mariana Islands"
},
{
	"_id" : ObjectId("5d564ac9bdb80366cfe14d20"),
	"code" : "NO",
	"Country" : "Norway"
},
{
	"_id" : ObjectId("5d564ac9bdb80366cfe14d21"),
	"code" : "OM",
	"Country" : "Oman"
},
{
	"_id" : ObjectId("5d564ac9bdb80366cfe14d22"),
	"code" : "PK",
	"Country" : "Pakistan"
},
{
	"_id" : ObjectId("5d564ac9bdb80366cfe14d23"),
	"code" : "PW",
	"Country" : "Palau"
},
{
	"_id" : ObjectId("5d564ac9bdb80366cfe14d24"),
	"code" : "PS",
	"Country" : "Palestinian Territory, Occupied"
},
{
	"_id" : ObjectId("5d564ac9bdb80366cfe14d25"),
	"code" : "PA",
	"Country" : "Panama"
},
{
	"_id" : ObjectId("5d564ac9bdb80366cfe14d26"),
	"code" : "PG",
	"Country" : "Papua New Guinea"
},
{
	"_id" : ObjectId("5d564ac9bdb80366cfe14d27"),
	"code" : "PY",
	"Country" : "Paraguay"
},
{
	"_id" : ObjectId("5d564ac9bdb80366cfe14d28"),
	"code" : "PE",
	"Country" : "Peru"
},
{
	"_id" : ObjectId("5d564ac9bdb80366cfe14d29"),
	"code" : "PH",
	"Country" : "Philippines"
},
{
	"_id" : ObjectId("5d564ac9bdb80366cfe14d2a"),
	"code" : "PN",
	"Country" : "Pitcairn"
},
{
	"_id" : ObjectId("5d564ac9bdb80366cfe14d2b"),
	"code" : "PL",
	"Country" : "Poland"
},
{
	"_id" : ObjectId("5d564ac9bdb80366cfe14d2c"),
	"code" : "PT",
	"Country" : "Portugal"
},
{
	"_id" : ObjectId("5d564ac9bdb80366cfe14d2d"),
	"code" : "PR",
	"Country" : "Puerto Rico"
},
{
	"_id" : ObjectId("5d564ac9bdb80366cfe14d2e"),
	"code" : "QA",
	"Country" : "Qatar"
},
{
	"_id" : ObjectId("5d564ac9bdb80366cfe14d2f"),
	"code" : "RE",
	"Country" : "Reunion"
},
{
	"_id" : ObjectId("5d564ac9bdb80366cfe14d30"),
	"code" : "RO",
	"Country" : "Romania"
},
{
	"_id" : ObjectId("5d564ac9bdb80366cfe14d31"),
	"code" : "RU",
	"Country" : "Russian Federation"
},
{
	"_id" : ObjectId("5d564ac9bdb80366cfe14d32"),
	"code" : "RW",
	"Country" : "RWANDA"
},
{
	"_id" : ObjectId("5d564ac9bdb80366cfe14d33"),
	"code" : "SH",
	"Country" : "Saint Helena"
},
{
	"_id" : ObjectId("5d564ac9bdb80366cfe14d34"),
	"code" : "KN",
	"Country" : "Saint Kitts and Nevis"
},
{
	"_id" : ObjectId("5d564ac9bdb80366cfe14d35"),
	"code" : "LC",
	"Country" : "Saint Lucia"
},
{
	"_id" : ObjectId("5d564ac9bdb80366cfe14d36"),
	"code" : "PM",
	"Country" : "Saint Pierre and Miquelon"
},
{
	"_id" : ObjectId("5d564ac9bdb80366cfe14d37"),
	"code" : "VC",
	"Country" : "Saint Vincent and the Grenadines"
},
{
	"_id" : ObjectId("5d564ac9bdb80366cfe14d38"),
	"code" : "WS",
	"Country" : "Samoa"
},
{
	"_id" : ObjectId("5d564ac9bdb80366cfe14d39"),
	"code" : "SM",
	"Country" : "San Marino"
},
{
	"_id" : ObjectId("5d564ac9bdb80366cfe14d3a"),
	"code" : "ST",
	"Country" : "Sao Tome and Principe"
},
{
	"_id" : ObjectId("5d564ac9bdb80366cfe14d3b"),
	"code" : "SA",
	"Country" : "Saudi Arabia"
},
{
	"_id" : ObjectId("5d564ac9bdb80366cfe14d3c"),
	"code" : "SN",
	"Country" : "Senegal"
},
{
	"_id" : ObjectId("5d564ac9bdb80366cfe14d3d"),
	"code" : "CS",
	"Country" : "Serbia and Montenegro"
},
{
	"_id" : ObjectId("5d564ac9bdb80366cfe14d3e"),
	"code" : "SC",
	"Country" : "Seychelles"
},
{
	"_id" : ObjectId("5d564ac9bdb80366cfe14d3f"),
	"code" : "SL",
	"Country" : "Sierra Leone"
},
{
	"_id" : ObjectId("5d564ac9bdb80366cfe14d40"),
	"code" : "SG",
	"Country" : "Singapore"
},
{
	"_id" : ObjectId("5d564ac9bdb80366cfe14d41"),
	"code" : "SK",
	"Country" : "Slovakia"
},
{
	"_id" : ObjectId("5d564ac9bdb80366cfe14d42"),
	"code" : "SI",
	"Country" : "Slovenia"
},
{
	"_id" : ObjectId("5d564ac9bdb80366cfe14d43"),
	"code" : "SB",
	"Country" : "Solomon Islands"
},
{
	"_id" : ObjectId("5d564ac9bdb80366cfe14d44"),
	"code" : "SO",
	"Country" : "Somalia"
},
{
	"_id" : ObjectId("5d564ac9bdb80366cfe14d45"),
	"code" : "ZA",
	"Country" : "South Africa"
},
{
	"_id" : ObjectId("5d564ac9bdb80366cfe14d46"),
	"code" : "GS",
	"Country" : "South Georgia and the South Sandwich Islands"
},
{
	"_id" : ObjectId("5d564ac9bdb80366cfe14d47"),
	"code" : "ES",
	"Country" : "Spain"
},
{
	"_id" : ObjectId("5d564ac9bdb80366cfe14d48"),
	"code" : "LK",
	"Country" : "Sri Lanka"
},
{
	"_id" : ObjectId("5d564ac9bdb80366cfe14d49"),
	"code" : "SD",
	"Country" : "Sudan"
},
{
	"_id" : ObjectId("5d564ac9bdb80366cfe14d4a"),
	"code" : "SR",
	"Country" : "SuriCountry"
},
{
	"_id" : ObjectId("5d564ac9bdb80366cfe14d4b"),
	"code" : "SJ",
	"Country" : "Svalbard and Jan Mayen"
},
{
	"_id" : ObjectId("5d564ac9bdb80366cfe14d4c"),
	"code" : "SZ",
	"Country" : "Swaziland"
},
{
	"_id" : ObjectId("5d564ac9bdb80366cfe14d4d"),
	"code" : "SE",
	"Country" : "Sweden"
},
{
	"_id" : ObjectId("5d564ac9bdb80366cfe14d4e"),
	"code" : "CH",
	"Country" : "Switzerland"
},
{
	"_id" : ObjectId("5d564ac9bdb80366cfe14d4f"),
	"code" : "SY",
	"Country" : "Syrian Arab Republic"
},
{
	"_id" : ObjectId("5d564ac9bdb80366cfe14d50"),
	"code" : "TW",
	"Country" : "Taiwan, Province of China"
},
{
	"_id" : ObjectId("5d564ac9bdb80366cfe14d51"),
	"code" : "TJ",
	"Country" : "Tajikistan"
},
{
	"_id" : ObjectId("5d564ac9bdb80366cfe14d52"),
	"code" : "TZ",
	"Country" : "Tanzania, United Republic of"
},
{
	"_id" : ObjectId("5d564ac9bdb80366cfe14d53"),
	"code" : "TH",
	"Country" : "Thailand"
},
{
	"_id" : ObjectId("5d564ac9bdb80366cfe14d54"),
	"code" : "TL",
	"Country" : "Timor-Leste"
},
{
	"_id" : ObjectId("5d564ac9bdb80366cfe14d55"),
	"code" : "TG",
	"Country" : "Togo"
},
{
	"_id" : ObjectId("5d564ac9bdb80366cfe14d56"),
	"code" : "TK",
	"Country" : "Tokelau"
},
{
	"_id" : ObjectId("5d564ac9bdb80366cfe14d57"),
	"code" : "TO",
	"Country" : "Tonga"
},
{
	"_id" : ObjectId("5d564ac9bdb80366cfe14d58"),
	"code" : "TT",
	"Country" : "Trinidad and Tobago"
},
{
	"_id" : ObjectId("5d564ac9bdb80366cfe14d59"),
	"code" : "TN",
	"Country" : "Tunisia"
},
{
	"_id" : ObjectId("5d564ac9bdb80366cfe14d5a"),
	"code" : "TR",
	"Country" : "Turkey"
},
{
	"_id" : ObjectId("5d564ac9bdb80366cfe14d5b"),
	"code" : "TM",
	"Country" : "Turkmenistan"
},
{
	"_id" : ObjectId("5d564ac9bdb80366cfe14d5c"),
	"code" : "TC",
	"Country" : "Turks and Caicos Islands"
},
{
	"_id" : ObjectId("5d564ac9bdb80366cfe14d5d"),
	"code" : "TV",
	"Country" : "Tuvalu"
},
{
	"_id" : ObjectId("5d564ac9bdb80366cfe14d5e"),
	"code" : "UG",
	"Country" : "Uganda"
},
{
	"_id" : ObjectId("5d564ac9bdb80366cfe14d5f"),
	"code" : "UA",
	"Country" : "Ukraine"
},
{
	"_id" : ObjectId("5d564ac9bdb80366cfe14d60"),
	"code" : "AE",
	"Country" : "United Arab Emirates"
},
{
	"_id" : ObjectId("5d564ac9bdb80366cfe14d61"),
	"code" : "GB",
	"Country" : "United Kingdom"
},
{
	"_id" : ObjectId("5d564ac9bdb80366cfe14d62"),
	"code" : "US",
	"Country" : "United States"
},
{
	"_id" : ObjectId("5d564ac9bdb80366cfe14d63"),
	"code" : "UM",
	"Country" : "United States Minor Outlying Islands"
},
{
	"_id" : ObjectId("5d564ac9bdb80366cfe14d64"),
	"code" : "UY",
	"Country" : "Uruguay"
},
{
	"_id" : ObjectId("5d564ac9bdb80366cfe14d65"),
	"code" : "UZ",
	"Country" : "Uzbekistan"
},
{
	"_id" : ObjectId("5d564ac9bdb80366cfe14d66"),
	"code" : "VU",
	"Country" : "Vanuatu"
},
{
	"_id" : ObjectId("5d564ac9bdb80366cfe14d67"),
	"code" : "VE",
	"Country" : "Venezuela"
},
{
	"_id" : ObjectId("5d564ac9bdb80366cfe14d68"),
	"code" : "VN",
	"Country" : "Viet Nam"
},
{
	"_id" : ObjectId("5d564ac9bdb80366cfe14d69"),
	"code" : "VG",
	"Country" : "Virgin Islands, British"
},
{
	"_id" : ObjectId("5d564ac9bdb80366cfe14d6a"),
	"code" : "VI",
	"Country" : "Virgin Islands, U.S."
},
{
	"_id" : ObjectId("5d564ac9bdb80366cfe14d6b"),
	"code" : "WF",
	"Country" : "Wallis and Futuna"
},
{
	"_id" : ObjectId("5d564ac9bdb80366cfe14d6c"),
	"code" : "EH",
	"Country" : "Western Sahara"
},
{
	"_id" : ObjectId("5d564ac9bdb80366cfe14d6d"),
	"code" : "YE",
	"Country" : "Yemen"
},
{
	"_id" : ObjectId("5d564ac9bdb80366cfe14d6e"),
	"code" : "ZM",
	"Country" : "Zambia"
},
{
	"_id" : ObjectId("5d564ac9bdb80366cfe14d6f"),
	"code" : "ZW",
	"Country" : "Zimbabwe"
},
