{
	"_id" : ObjectId("5d6cef4475d83e15cb2bdb3a"),
	"status_id" : "19",
	"status_name" : "Very Positive"
},
{
	"_id" : ObjectId("5d6cef2575d83e15cb2bdb39"),
	"status_id" : "18",
	"status_name" : "Positive"
},
{
	"_id" : ObjectId("5d6ceeda75d83e15cb2bdb37"),
	"status_id" : "16",
	"status_name" : "Not Eligible"
},
{
	"_id" : ObjectId("5d6cee4275d83e15cb2bdb35"),
	"status_id" : "14",
	"status_name" : "Negative"
},
{
	"_id" : ObjectId("5d6cedfd75d83e15cb2bdb34"),
	"status_id" : "13",
	"status_name" : "Moderate"
},
{
	"_id" : ObjectId("5d6cedc575d83e15cb2bdb33"),
	"status_id" : "12",
	"status_name" : "Duplicate"
},
{
	"_id" : ObjectId("5d68e5623d11c01e00b8db78"),
	"status_id" : "11",
	"status_name" : "Campus Visit"
},
{
	"_id" : ObjectId("5d68e5343d11c01e00b8db77"),
	"status_id" : "10",
	"status_name" : "Forward"
},
{
	"_id" : ObjectId("5d68e4f13d11c01e00b8db76"),
	"status_id" : "9",
	"status_name" : "Special Cases"
},
{
	"_id" : ObjectId("5d68e4713d11c01e00b8db75"),
	"status_id" : "8",
	"status_name" : "Not Avaliable of Transport"
},
{
	"_id" : ObjectId("5d68e4373d11c01e00b8db74"),
	"status_id" : "7",
	"status_name" : "Invalid No"
},
{
	"_id" : ObjectId("5d68e3e53d11c01e00b8db73"),
	"status_id" : "6",
	"status_name" : "Not Answering"
},
{
	"_id" : ObjectId("5d68e3bf3d11c01e00b8db72"),
	"status_id" : "5",
	"status_name" : "Admission"
},
{
	"_id" : ObjectId("5d68e3723d11c01e00b8db71"),
	"status_id" : "4",
	"status_name" : "Sales of Forms/Registration"
},
{
	"_id" : ObjectId("5d68e2c23d11c01e00b8db6d"),
	"status_id" : "3",
	"status_name" : "Next Followups"
},
{
	"_id" : ObjectId("5d68e2563d11c01e00b8db67"),
	"status_id" : "2",
	"status_name" : "Interested"
},
{
	"_id" : ObjectId("5d68e1f63d11c01e00b8db66"),
	"status_id" : "1",
	"status_name" : "Not Interested"
},
{
	"__v" : NumberInt(0),
	"_id" : ObjectId("5d92dfb2b2fed70b1ca9182f"),
	"status_id" : "20",
	"status_name" : " No Contact"
},
