{
	"__v" : NumberInt(0),
	"_id" : ObjectId("5d6fb02af3200336301ed52a"),
	"datetime" : "2019-09-26T18:30:00.000Z",
	"expectedwalikin" : "2019-09-22T18:30:00.000Z",
	"followup" : "fdfsd",
	"nextstep" : "gfdfg",
	"status" : "3"
},
{
	"__v" : NumberInt(0),
	"_id" : ObjectId("5d6fb0a8385c1b1e789a25b7"),
	"datetime" : "2019-09-23T18:30:00.000Z",
	"expectedwalikin" : "2019-09-23T18:30:00.000Z",
	"followup" : "sdsa",
	"nextstep" : "dsd",
	"ref" : ObjectId("5d6faf19fde0d5035c59bea6"),
	"status" : "4"
},
{
	"__v" : NumberInt(0),
	"_id" : ObjectId("5d6fb0f3385c1b1e789a25b8"),
	"datetime" : "2019-09-23T18:30:00.000Z",
	"expectedwalikin" : "2019-09-23T18:30:00.000Z",
	"followup" : "sdsa",
	"nextstep" : "dsd",
	"ref" : ObjectId("5d6faf19fde0d5035c59bea6"),
	"status" : "4"
},
{
	"__v" : NumberInt(0),
	"_id" : ObjectId("5d6fb2b14121c009d06b2788"),
	"datetime" : "2019-09-10T18:30:00.000Z",
	"expectedwalikin" : "2019-09-10T18:30:00.000Z",
	"followup" : "fsdf",
	"nextstep" : "fdsff",
	"ref" : ObjectId("5d6faf19fde0d5035c59bea6"),
	"status" : "4"
},
{
	"__v" : NumberInt(0),
	"_id" : ObjectId("5d7092ac59dc432c4cdfb580"),
	"datetime" : "2019-09-05T18:30:00.000Z",
	"expectedwalikin" : "2019-09-12T18:30:00.000Z",
	"followup" : "rajendra",
	"nextstep" : "next",
	"ref" : ObjectId("5d6faf19fde0d5035c59bea6"),
	"status" : "2"
},
{
	"__v" : NumberInt(0),
	"_id" : ObjectId("5d70fbd93128bb1b2493d0d6"),
	"datetime" : "2019-09-11T18:30:00.000Z",
	"expectedwalikin" : "2019-09-18T18:30:00.000Z",
	"followup" : "hi",
	"nextstep" : "gfdffg",
	"ref" : ObjectId("5d6faf19fde0d5035c59bea6"),
	"status" : "3"
},
{
	"__v" : NumberInt(0),
	"_id" : ObjectId("5d70fbfa3128bb1b2493d0d7"),
	"datetime" : "2019-09-11T18:30:00.000Z",
	"expectedwalikin" : "2019-09-11T18:30:00.000Z",
	"followup" : "asaS",
	"nextstep" : "ADA",
	"ref" : ObjectId("5d6fa6fddd8bbb05cc2d6940"),
	"status" : "4"
},
{
	"__v" : NumberInt(0),
	"_id" : ObjectId("5d70fc0e3128bb1b2493d0d8"),
	"datetime" : "2019-09-11T18:30:00.000Z",
	"expectedwalikin" : "2019-09-12T18:30:00.000Z",
	"followup" : "DSAD",
	"nextstep" : "DSAD",
	"ref" : ObjectId("5d6fa6fddd8bbb05cc2d6940"),
	"status" : "2"
},
{
	"__v" : NumberInt(0),
	"_id" : ObjectId("5d71f9da4b341b2460daebc5"),
	"datetime" : "2019-09-11T18:30:00.000Z",
	"expectedwalikin" : "2019-09-19T18:30:00.000Z",
	"followup" : "ddfsdz",
	"nextstep" : "fdfgdsf",
	"ref" : ObjectId("5d6fa6fddd8bbb05cc2d6940"),
	"status" : "4"
},
{
	"__v" : NumberInt(0),
	"_id" : ObjectId("5d81cd87db3adc1cc0321fe8"),
	"datetime" : "2019-09-18T18:30:00.000Z",
	"expectedwalikin" : "2019-09-18T18:30:00.000Z",
	"followup" : "efsafsad",
	"nextstep" : "gfsgds",
	"ref" : ObjectId("5d6fa6fddd8bbb05cc2d6940"),
	"status" : "3"
},
{
	"__v" : NumberInt(0),
	"_id" : ObjectId("5d84a00e566d543774b4e965"),
	"datetime" : "2019-09-20T18:30:00.000Z",
	"expectedwalikin" : "2019-09-20T18:30:00.000Z",
	"followup" : "fchcjfgjhg",
	"nextstep" : "jhgjj",
	"ref" : ObjectId("5d6fa6fddd8bbb05cc2d6940"),
	"status" : "3"
},
{
	"__v" : NumberInt(0),
	"_id" : ObjectId("5d84a01a566d543774b4e966"),
	"datetime" : "2019-09-20T18:30:00.000Z",
	"expectedwalikin" : "2019-09-20T18:30:00.000Z",
	"followup" : "fchcjfgjhg",
	"nextstep" : "jhgjj",
	"ref" : ObjectId("5d6fa6fddd8bbb05cc2d6940"),
	"status" : "3"
},
{
	"__v" : NumberInt(0),
	"_id" : ObjectId("5d84b4d3566d543774b4e967"),
	"datetime" : "2019-09-19T18:30:00.000Z",
	"expectedwalikin" : "2019-09-20T18:30:00.000Z",
	"followup" : "cxzx",
	"nextstep" : "cxzc",
	"ref" : ObjectId("5d8203bedb3adc1cc0321fe9"),
	"status" : "5"
},
{
	"__v" : NumberInt(0),
	"_id" : ObjectId("5d96ee090ca7c61fe81acb60"),
	"datetime" : "2019-10-03T18:30:00.000Z",
	"expectedwalikin" : "2019-10-11T18:30:00.000Z",
	"followup" : "dfsdf",
	"nextstep" : "hgjfjhg",
	"ref" : ObjectId("5d92e89ab2fed70b1ca91831"),
	"status" : "19"
},
{
	"__v" : NumberInt(0),
	"_id" : ObjectId("5d9efb240116340a3c315bd0"),
	"datetime" : "2019-10-10T18:30:00.000Z",
	"expectedwalikin" : "2019-10-17T18:30:00.000Z",
	"followup" : "y",
	"nextstep" : "y",
	"ref" : ObjectId("5d92e8d8b2fed70b1ca91832"),
	"status" : "14"
},
{
	"__v" : NumberInt(0),
	"_id" : ObjectId("5d9f17640116340a3c315bd1"),
	"datetime" : "2019-10-17T18:30:00.000Z",
	"expectedwalikin" : "2019-10-24T18:30:00.000Z",
	"followup" : "xx",
	"nextstep" : "dsd",
	"ref" : ObjectId("5d92e90bb2fed70b1ca91833"),
	"status" : "9"
},
{
	"__v" : NumberInt(0),
	"_id" : ObjectId("5d9f176c0116340a3c315bd2"),
	"datetime" : "2019-10-17T18:30:00.000Z",
	"expectedwalikin" : "2019-10-24T18:30:00.000Z",
	"followup" : "xx",
	"nextstep" : "dsd",
	"ref" : ObjectId("5d92e90bb2fed70b1ca91833"),
	"status" : "9"
},
{
	"__v" : NumberInt(0),
	"_id" : ObjectId("5d9f19d50116340a3c315bd3"),
	"datetime" : "2019-10-10T18:30:00.000Z",
	"expectedwalikin" : "2019-10-16T18:30:00.000Z",
	"followup" : "sasa",
	"nextstep" : "sasa",
	"ref" : ObjectId("5d92e89ab2fed70b1ca91831"),
	"status" : "14"
},
{
	"__v" : NumberInt(0),
	"_id" : ObjectId("5d9f21840116340a3c315bd6"),
	"datetime" : "2019-10-10T18:30:00.000Z",
	"expectedwalikin" : "2019-10-16T18:30:00.000Z",
	"followup" : "Remarks",
	"nextstep" : "test",
	"ref" : ObjectId("5d92e8d8b2fed70b1ca91832"),
	"status" : "16"
},
{
	"__v" : NumberInt(0),
	"_id" : ObjectId("5d9f21b20116340a3c315bd7"),
	"datetime" : "2019-10-17T18:30:00.000Z",
	"expectedwalikin" : "2019-10-24T18:30:00.000Z",
	"followup" : "Remark",
	"nextstep" : "next",
	"ref" : ObjectId("5d92e8d8b2fed70b1ca91832"),
	"status" : "13"
},
{
	"__v" : NumberInt(0),
	"_id" : ObjectId("5d9f21be0116340a3c315bd8"),
	"datetime" : "2019-10-17T18:30:00.000Z",
	"expectedwalikin" : "2019-10-24T18:30:00.000Z",
	"followup" : "Remark",
	"nextstep" : "next",
	"ref" : ObjectId("5d92e8d8b2fed70b1ca91832"),
	"status" : "13"
},
{
	"__v" : NumberInt(0),
	"_id" : ObjectId("5da016a8ae52af1590c6100e"),
	"datetime" : "2019-10-10T18:30:00.000Z",
	"expectedwalikin" : "2019-10-17T18:30:00.000Z",
	"followup" : "remark",
	"nextstep" : "next",
	"ref" : ObjectId("5d9f1fec0116340a3c315bd5"),
	"status" : "19"
},
{
	"__v" : NumberInt(0),
	"_id" : ObjectId("5da0184cae52af1590c6100f"),
	"datetime" : "2019-10-18T18:30:00.000Z",
	"expectedwalikin" : "2019-10-17T18:30:00.000Z",
	"followup" : "gfg",
	"nextstep" : "gdffg",
	"ref" : ObjectId("5d9f1fec0116340a3c315bd5"),
	"status" : "16"
},
{
	"__v" : NumberInt(0),
	"_id" : ObjectId("5da01857ae52af1590c61010"),
	"datetime" : "2019-10-18T18:30:00.000Z",
	"expectedwalikin" : "2019-10-17T18:30:00.000Z",
	"followup" : "gfg",
	"nextstep" : "gdffg",
	"ref" : ObjectId("5d9f1fec0116340a3c315bd5"),
	"status" : "14"
},
{
	"__v" : NumberInt(0),
	"_id" : ObjectId("5da018e429f6ec1f1cf8ae0d"),
	"datetime" : "2019-10-17T18:30:00.000Z",
	"expectedwalikin" : "2019-10-23T18:30:00.000Z",
	"followup" : "rter",
	"nextstep" : "yuyt",
	"ref" : ObjectId("5d9f1fec0116340a3c315bd5"),
	"status" : "16"
},
{
	"__v" : NumberInt(0),
	"_id" : ObjectId("5da018f229f6ec1f1cf8ae0e"),
	"datetime" : "2019-10-17T18:30:00.000Z",
	"expectedwalikin" : "2019-10-23T18:30:00.000Z",
	"followup" : "rter",
	"nextstep" : "yuyt",
	"ref" : ObjectId("5d9f1fec0116340a3c315bd5"),
	"status" : "16"
},
{
	"__v" : NumberInt(0),
	"_id" : ObjectId("5da07003e396022f6c292bf9"),
	"datetime" : "2019-10-11T18:30:00.000Z",
	"expectedwalikin" : "2019-10-18T18:30:00.000Z",
	"followup" : "Remark",
	"nextstep" : "Next",
	"ref" : ObjectId("5d9f1a0b0116340a3c315bd4"),
	"status" : "19"
},
