{
	"__v" : NumberInt(0),
	"_id" : ObjectId("5d92e89ab2fed70b1ca91831"),
	"annual_income" : "2000",
	"city" : "88877",
	"class_apply" : "4",
	"country" : "IN",
	"creation_date" : ISODate("2019-10-01T09:41:50.086+05:30"),
	"district" : "568",
	"email_address" : "rajgyane@gmail.com",
	"lead_source" : "11",
	"mobile_no" : "9718260044",
	"occupation" : "fdsf",
	"org_id" : ObjectId("5d6610ddef56882f6c7543c4"),
	"pincode" : "791001",
	"query" : "Admission",
	"state" : "3",
	"student_name" : "Rajendra"
},
{
	"__v" : NumberInt(0),
	"_id" : ObjectId("5d92e8d8b2fed70b1ca91832"),
	"annual_income" : "60000",
	"city" : "20067",
	"class_apply" : "4",
	"country" : "IN",
	"creation_date" : ISODate("2019-10-01T09:41:50.086+05:30"),
	"district" : "217",
	"email_address" : "priti2004@yahoo.com",
	"lead_source" : "8",
	"mobile_no" : "9718260021",
	"occupation" : "fdsf",
	"org_id" : ObjectId("5d6610ddef56882f6c7543c4"),
	"pincode" : "517370",
	"query" : "Fee for Class LKG",
	"state" : "5",
	"student_name" : "Priti Gupta"
},
{
	"__v" : NumberInt(0),
	"_id" : ObjectId("5d92e90bb2fed70b1ca91833"),
	"annual_income" : "2000",
	"city" : "88882",
	"class_apply" : "3",
	"country" : "IN",
	"creation_date" : ISODate("2019-10-01T09:41:50.086+05:30"),
	"district" : "567",
	"email_address" : "vipula@gmail.com",
	"lead_source" : "4",
	"mobile_no" : "9718260000",
	"occupation" : "fdsf",
	"org_id" : ObjectId("5d6610ddef56882f6c7543c4"),
	"pincode" : "790001",
	"query" : "Admission Fee",
	"state" : "3",
	"student_name" : "Vipul aggarawal"
},
{
	"__v" : NumberInt(0),
	"_id" : ObjectId("5d9f1a0b0116340a3c315bd4"),
	"annual_income" : "2000",
	"city" : "13401",
	"class_apply" : "3",
	"country" : "IN",
	"creation_date" : ISODate("2019-10-10T11:12:56.572+05:30"),
	"district" : "171",
	"email_address" : "rahulk@gmail.com",
	"lead_source" : "11",
	"mobile_no" : "9999999988",
	"occupation" : "asad",
	"org_id" : ObjectId("5d6610ddef56882f6c7543c4"),
	"pincode" : "533236",
	"query" : "Fee",
	"state" : "2",
	"student_name" : "Rahul Kumar"
},
{
	"__v" : NumberInt(0),
	"_id" : ObjectId("5d9f1fec0116340a3c315bd5"),
	"annual_income" : "200",
	"city" : "17089",
	"class_apply" : "2",
	"country" : "IN",
	"creation_date" : ISODate("2019-10-10T11:12:56.572+05:30"),
	"district" : "202",
	"email_address" : "anshu@gmail.com",
	"lead_source" : "10",
	"mobile_no" : "9718260000",
	"occupation" : "occ",
	"org_id" : ObjectId("5d6610ddef56882f6c7543c4"),
	"pincode" : "782104",
	"query" : "Admission for Nursery",
	"state" : "4",
	"student_name" : "Anshu"
},
