{
	"_id" : ObjectId("5d68f1cc3d11c01e00b8dbcd"),
	"lead_source_id" : "1",
	"lead_source_name" : "Landing Page"
},
{
	"_id" : ObjectId("5d68f1fc3d11c01e00b8dbcf"),
	"lead_source_id" : "3",
	"lead_source_name" : "Offline"
},
{
	"_id" : ObjectId("5d68f2113d11c01e00b8dbd0"),
	"lead_source_id" : "4",
	"lead_source_name" : "Campus Visit"
},
{
	"_id" : ObjectId("5d68f2303d11c01e00b8dbd1"),
	"lead_source_id" : "5",
	"lead_source_name" : "Registration Forms"
},
{
	"_id" : ObjectId("5d68f24d3d11c01e00b8dbd2"),
	"lead_source_id" : "6",
	"lead_source_name" : "Enquiry Forms"
},
{
	"_id" : ObjectId("5d68f2673d11c01e00b8dbd3"),
	"lead_source_id" : "7",
	"lead_source_name" : "Contact Us"
},
{
	"_id" : ObjectId("5d68f28a3d11c01e00b8dbd4"),
	"lead_source_id" : "8",
	"lead_source_name" : "Fb Lead"
},
{
	"_id" : ObjectId("5d68f2a23d11c01e00b8dbd5"),
	"lead_source_id" : "9",
	"lead_source_name" : "Google Campaign"
},
{
	"_id" : ObjectId("5d68f2b93d11c01e00b8dbd6"),
	"lead_source_id" : "10",
	"lead_source_name" : "LinkedIn"
},
{
	"_id" : ObjectId("5d6e0f16074f4f4d8a0aad59"),
	"lead_source_id" : "11",
	"lead_source_name" : "Google Organic"
},
{
	"_id" : ObjectId("5da086b69c5db811e84bf186"),
	"lead_source_id" : "12",
	"lead_source_name" : "Instagram"
},
