{
	"_id" : ObjectId("5d71ef1c9f5d0362453dc3e3"),
	"module_id" : "1",
	"module_name" : "Create Lead",
	"module_status" : "1"
},
{
	"_id" : ObjectId("5d71ef769f5d0362453dc3e4"),
	"module_id" : "2",
	"module_name" : "List Lead",
	"module_status" : "1"
},
{
	"_id" : ObjectId("5d71efbd9f5d0362453dc3e5"),
	"module_id" : "3",
	"module_name" : "Add Organization",
	"module_status" : "1"
},
{
	"_id" : ObjectId("5d71f0149f5d0362453dc3e6"),
	"module_id" : "4",
	"module_name" : "List Organization",
	"module_status" : "1"
},
{
	"_id" : ObjectId("5d71f0529f5d0362453dc3e7"),
	"module_id" : "5",
	"module_name" : "User List",
	"module_status" : "1"
},
{
	"_id" : ObjectId("5d71f09d9f5d0362453dc3e8"),
	"module_id" : "6",
	"module_name" : "Permission",
	"module_status" : "1"
},
