{
	"__v" : NumberInt(0),
	"_id" : ObjectId("5d734eacd7f00a1cac6b4c34"),
	"module_id" : "1",
	"module_status" : "1",
	"org_name" : "DPSGS",
	"role_id" : "1"
},
{
	"__v" : NumberInt(0),
	"_id" : ObjectId("5d734ebad7f00a1cac6b4c35"),
	"module_id" : "2",
	"module_status" : "1",
	"org_name" : "DPSGS",
	"role_id" : "1"
},
{
	"__v" : NumberInt(0),
	"_id" : ObjectId("5d734fc1d7f00a1cac6b4c36"),
	"module_id" : "3",
	"module_status" : "1",
	"org_name" : "DPSGS",
	"role_id" : "1"
},
{
	"__v" : NumberInt(0),
	"_id" : ObjectId("5d734fe4d7f00a1cac6b4c37"),
	"module_id" : "4",
	"module_status" : "1",
	"org_name" : "DPSGS",
	"role_id" : "1"
},
{
	"__v" : NumberInt(0),
	"_id" : ObjectId("5d735099d7f00a1cac6b4c38"),
	"module_id" : "5",
	"module_status" : "1",
	"org_name" : "DPSGS",
	"role_id" : "1"
},
{
	"__v" : NumberInt(0),
	"_id" : ObjectId("5d73535eef50302b8ca06bfd"),
	"module_id" : "1",
	"module_status" : "1",
	"org_name" : "cxc",
	"role_id" : "1"
},
{
	"__v" : NumberInt(0),
	"_id" : ObjectId("5d7356bfef50302b8ca06bfe"),
	"module_id" : "2",
	"module_status" : "0",
	"org_name" : "cxc",
	"role_id" : "1"
},
{
	"__v" : NumberInt(0),
	"_id" : ObjectId("5d7356c4ef50302b8ca06bff"),
	"module_id" : "3",
	"module_status" : "0",
	"org_name" : "cxc",
	"role_id" : "1"
},
{
	"__v" : NumberInt(0),
	"_id" : ObjectId("5d7356c8ef50302b8ca06c00"),
	"module_id" : "4",
	"module_status" : "1",
	"org_name" : "cxc",
	"role_id" : "1"
},
{
	"__v" : NumberInt(0),
	"_id" : ObjectId("5d7356cdef50302b8ca06c01"),
	"module_id" : "5",
	"module_status" : "0",
	"org_name" : "cxc",
	"role_id" : "1"
},
{
	"__v" : NumberInt(0),
	"_id" : ObjectId("5d7356d2ef50302b8ca06c02"),
	"module_id" : "6",
	"module_status" : "0",
	"org_name" : "cxc",
	"role_id" : "1"
},
{
	"__v" : NumberInt(0),
	"_id" : ObjectId("5d75fba9de21150d4404563a"),
	"module_id" : "1",
	"module_status" : "0",
	"org_name" : "DPSGS",
	"role_id" : "2"
},
{
	"__v" : NumberInt(0),
	"_id" : ObjectId("5d7787641943f819a85d5437"),
	"module_id" : "1",
	"module_status" : "1",
	"org_name" : "cxc",
	"role_id" : "5"
},
{
	"__v" : NumberInt(0),
	"_id" : ObjectId("5d7787d61943f819a85d5438"),
	"module_id" : "1",
	"module_status" : "1",
	"org_name" : "DPSGS",
	"role_id" : "5"
},
{
	"__v" : NumberInt(0),
	"_id" : ObjectId("5d7788191943f819a85d5439"),
	"module_id" : "2",
	"module_status" : "1",
	"org_name" : "DPSGS",
	"role_id" : "5"
},
{
	"__v" : NumberInt(0),
	"_id" : ObjectId("5d809d2977ed05328cc92857"),
	"module_id" : "1",
	"module_status" : "1",
	"org_name" : "DPSGS",
	"role_id" : "3"
},
{
	"__v" : NumberInt(0),
	"_id" : ObjectId("5d8c4d3bfa5f3e2190c4248f"),
	"module_id" : "1",
	"module_status" : "1",
	"org_name" : "cxc",
	"role_id" : "2"
},
