{
	"_id" : ObjectId("5d53d4d52987b233004c8058"),
	"Country_code" : "IN",
	"region" : "South",
	"state_code" : "AN",
	"state_id" : "1",
	"state_name" : "Andaman & Nicobar",
	"status" : "1"
},
{
	"_id" : ObjectId("5d53d4d52987b233004c8059"),
	"Country_code" : "IN",
	"region" : "South",
	"state_code" : "AP",
	"state_id" : "2",
	"state_name" : "Andhra Pradesh",
	"status" : "1"
},
{
	"_id" : ObjectId("5d53d4d52987b233004c805a"),
	"Country_code" : "IN",
	"region" : "North east",
	"state_code" : "AR",
	"state_id" : "3",
	"state_name" : "Arunachal Pradesh",
	"status" : "1"
},
{
	"_id" : ObjectId("5d53d4d52987b233004c805b"),
	"Country_code" : "IN",
	"region" : "North East",
	"state_code" : "AS",
	"state_id" : "4",
	"state_name" : "Assam",
	"status" : "1"
},
{
	"_id" : ObjectId("5d53d4d52987b233004c805c"),
	"Country_code" : "IN",
	"region" : "East",
	"state_code" : "BR",
	"state_id" : "5",
	"state_name" : "Bihar",
	"status" : "1"
},
{
	"_id" : ObjectId("5d53d4d52987b233004c805d"),
	"Country_code" : "IN",
	"region" : "Central",
	"state_code" : "CT",
	"state_id" : "6",
	"state_name" : "Chhattisgarh",
	"status" : "1"
},
{
	"_id" : ObjectId("5d53d4d52987b233004c805e"),
	"Country_code" : "IN",
	"region" : "West",
	"state_code" : "DN",
	"state_id" : "7",
	"state_name" : "Dadra & Nagar Haveli",
	"status" : "1"
},
{
	"_id" : ObjectId("5d53d4d52987b233004c805f"),
	"Country_code" : "IN",
	"region" : "West",
	"state_code" : "DD",
	"state_id" : "8",
	"state_name" : "Daman & Diu",
	"status" : "1"
},
{
	"_id" : ObjectId("5d53d4d52987b233004c8060"),
	"Country_code" : "IN",
	"region" : "North",
	"state_code" : "DL",
	"state_id" : "9",
	"state_name" : "Delhi",
	"status" : "1"
},
{
	"_id" : ObjectId("5d53d4d52987b233004c8061"),
	"Country_code" : "IN",
	"region" : "West",
	"state_code" : "GA",
	"state_id" : "10",
	"state_name" : "Goa",
	"status" : "1"
},
{
	"_id" : ObjectId("5d53d4d52987b233004c8062"),
	"Country_code" : "IN",
	"region" : "West",
	"state_code" : "GJ",
	"state_id" : "11",
	"state_name" : "Gujarat",
	"status" : "1"
},
{
	"_id" : ObjectId("5d53d4d52987b233004c8063"),
	"Country_code" : "IN",
	"region" : "North",
	"state_code" : "HR",
	"state_id" : "12",
	"state_name" : "Haryana",
	"status" : "1"
},
{
	"_id" : ObjectId("5d53d4d52987b233004c8064"),
	"Country_code" : "IN",
	"region" : "North",
	"state_code" : "HP",
	"state_id" : "13",
	"state_name" : "Himachal Pradesh",
	"status" : "1"
},
{
	"_id" : ObjectId("5d53d4d52987b233004c8065"),
	"Country_code" : "IN",
	"region" : "North",
	"state_code" : "JK",
	"state_id" : "14",
	"state_name" : "Jammu & Kashmir",
	"status" : "1"
},
{
	"_id" : ObjectId("5d53d4d52987b233004c8066"),
	"Country_code" : "IN",
	"region" : "East",
	"state_code" : "JH",
	"state_id" : "15",
	"state_name" : "Jharkhand",
	"status" : "1"
},
{
	"_id" : ObjectId("5d53d4d52987b233004c8067"),
	"Country_code" : "IN",
	"region" : "South",
	"state_code" : "KA",
	"state_id" : "16",
	"state_name" : "Karnataka",
	"status" : "1"
},
{
	"_id" : ObjectId("5d53d4d52987b233004c8068"),
	"Country_code" : "IN",
	"region" : "South",
	"state_code" : "KL",
	"state_id" : "17",
	"state_name" : "Kerala",
	"status" : "1"
},
{
	"_id" : ObjectId("5d53d4d52987b233004c8069"),
	"Country_code" : "IN",
	"region" : "South",
	"state_code" : "LD",
	"state_id" : "18",
	"state_name" : "Lakshadeep",
	"status" : "0"
},
{
	"_id" : ObjectId("5d53d4d52987b233004c806a"),
	"Country_code" : "IN",
	"region" : "Central",
	"state_code" : "MP",
	"state_id" : "19",
	"state_name" : "Madhya Pradesh",
	"status" : "1"
},
{
	"_id" : ObjectId("5d53d4d52987b233004c806b"),
	"Country_code" : "IN",
	"region" : "West",
	"state_code" : "MH",
	"state_id" : "20",
	"state_name" : "Maharashtra",
	"status" : "1"
},
{
	"_id" : ObjectId("5d53d4d52987b233004c806c"),
	"Country_code" : "IN",
	"region" : "North East",
	"state_code" : "MN",
	"state_id" : "21",
	"state_name" : "Manipur",
	"status" : "1"
},
{
	"_id" : ObjectId("5d53d4d52987b233004c806d"),
	"Country_code" : "IN",
	"region" : "North East",
	"state_code" : "ML",
	"state_id" : "22",
	"state_name" : "Meghalaya",
	"status" : "1"
},
{
	"_id" : ObjectId("5d53d4d52987b233004c806e"),
	"Country_code" : "IN",
	"region" : "North East",
	"state_code" : "MZ",
	"state_id" : "23",
	"state_name" : "Mizoram",
	"status" : "1"
},
{
	"_id" : ObjectId("5d53d4d52987b233004c806f"),
	"Country_code" : "IN",
	"region" : "North East",
	"state_code" : "NL",
	"state_id" : "24",
	"state_name" : "Nagaland",
	"status" : "1"
},
{
	"_id" : ObjectId("5d53d4d52987b233004c8070"),
	"Country_code" : "IN",
	"region" : "East",
	"state_code" : "OR",
	"state_id" : "25",
	"state_name" : "Orissa",
	"status" : "1"
},
{
	"_id" : ObjectId("5d53d4d52987b233004c8071"),
	"Country_code" : "IN",
	"region" : "South",
	"state_code" : "PY",
	"state_id" : "26",
	"state_name" : "Pondicherry",
	"status" : "1"
},
{
	"_id" : ObjectId("5d53d4d52987b233004c8072"),
	"Country_code" : "IN",
	"region" : "North",
	"state_code" : "PB",
	"state_id" : "27",
	"state_name" : "Punjab",
	"status" : "1"
},
{
	"_id" : ObjectId("5d53d4d52987b233004c8073"),
	"Country_code" : "IN",
	"region" : "West",
	"state_code" : "RJ",
	"state_id" : "28",
	"state_name" : "Rajasthan",
	"status" : "1"
},
{
	"_id" : ObjectId("5d53d4d52987b233004c8074"),
	"Country_code" : "IN",
	"region" : "North east",
	"state_code" : "SK",
	"state_id" : "29",
	"state_name" : "Sikkim",
	"status" : "1"
},
{
	"_id" : ObjectId("5d53d4d52987b233004c8075"),
	"Country_code" : "IN",
	"region" : "South",
	"state_code" : "TN",
	"state_id" : "30",
	"state_name" : "Tamil Nadu",
	"status" : "1"
},
{
	"_id" : ObjectId("5d53d4d52987b233004c8076"),
	"Country_code" : "IN",
	"region" : "North East",
	"state_code" : "TR",
	"state_id" : "31",
	"state_name" : "Tripura",
	"status" : "1"
},
{
	"_id" : ObjectId("5d53d4d52987b233004c8077"),
	"Country_code" : "IN",
	"region" : "North",
	"state_code" : "UP",
	"state_id" : "32",
	"state_name" : "Uttar Pradesh",
	"status" : "1"
},
{
	"_id" : ObjectId("5d53d4d52987b233004c8078"),
	"Country_code" : "IN",
	"region" : "North",
	"state_code" : "UT",
	"state_id" : "33",
	"state_name" : "Uttarakhand",
	"status" : "1"
},
{
	"_id" : ObjectId("5d53d4d52987b233004c8079"),
	"Country_code" : "IN",
	"region" : "East",
	"state_code" : "WB",
	"state_id" : "34",
	"state_name" : "West Bengal",
	"status" : "1"
},
{
	"_id" : ObjectId("5d53d4d52987b233004c807a"),
	"Country_code" : "IN",
	"region" : "North",
	"state_code" : "CH",
	"state_id" : "35",
	"state_name" : "Chandigarh",
	"status" : "1"
},
{
	"_id" : ObjectId("5d53d4d52987b233004c807b"),
	"Country_code" : "IN",
	"region" : "South",
	"state_code" : "TG",
	"state_id" : "36",
	"state_name" : "Telangana",
	"status" : "1"
},
{
	"_id" : ObjectId("5d53d4d52987b233004c807c"),
	"Country_code" : "IN",
	"region" : "South",
	"state_code" : "LD",
	"state_id" : "37",
	"state_name" : "Lakshadweep",
	"status" : "1"
},
