{
	"__v" : NumberInt(0),
	"_id" : ObjectId("5d66591674f8851384d82553"),
	"assign_role" : "4",
	"email" : "abc@12345",
	"org_id" : "5d6610ddef56882f6c7543c4",
	"password" : "123456",
	"status" : NumberInt(1),
	"usertype" : "super admin"
},
{
	"__v" : NumberInt(0),
	"_id" : ObjectId("5d665ad2004887230886516f"),
	"assign_role" : "2",
	"email" : "syam321@gmail.com",
	"org_id" : "5d6610ddef56882f6c7543c4",
	"password" : "123456",
	"status" : NumberInt(1),
	"usertype" : "school admin"
},
{
	"__v" : NumberInt(0),
	"_id" : ObjectId("5d6771218a903c2970faca17"),
	"assign_role" : "3",
	"email" : "syam123@gmail.com",
	"org_id" : "5d6610ddef56882f6c7543c4",
	"password" : "123456",
	"status" : NumberInt(1),
	"usertype" : "telecaller"
},
{
	"__v" : NumberInt(0),
	"_id" : ObjectId("5d6795880f09b92b08442e91"),
	"assign_role" : "1",
	"email" : "syam33333@gmail.com",
	"org_id" : "5d6610ddef56882f6c7543c4",
	"password" : "123456",
	"status" : NumberInt(1),
	"user_full_name" : "rajendra",
	"usertype" : "admin"
},
